observation_date,PZINCUSDM
1992-01-01,1157.6591796875000
1992-02-01,1135.4750976562500
1992-03-01,1217.7727050781300
1992-04-01,1304.9499511718800
1992-05-01,1377.7368164062500
1992-06-01,1385.4091796875000
1992-07-01,1320.4091796875000
1992-08-01,1363.4001464843800
1992-09-01,1367.1191406250000
1992-10-01,1158.3637695312500
1992-11-01,1052.2380371093800
1992-12-01,1061.4761962890600
1993-01-01,1067.5749511718800
1993-02-01,1073.6250000000000
1993-03-01,996.7608642578130
1993-04-01,1006.0000000000000
1993-05-01,979.2631835937500
1993-06-01,928.2272949218750
1993-07-01,930.0681762695310
1993-08-01,886.8333129882810
1993-09-01,875.7272949218750
1993-10-01,918.5714111328130
1993-11-01,929.3863525390630
1993-12-01,975.5349731445310
1994-01-01,998.5952148437500
1994-02-01,969.7500000000000
1994-03-01,937.6087036132810
1994-04-01,924.3421020507810
1994-05-01,956.7142944335940
1994-06-01,966.0000000000000
1994-07-01,962.6428833007810
1994-08-01,946.9091186523440
1994-09-01,993.5454711914060
1994-10-01,1059.5476074218800
1994-11-01,1150.2727050781300
1994-12-01,1112.7500000000000
1995-01-01,1154.8095703125000
1995-02-01,1030.6750488281300
1995-03-01,1021.6956787109400
1995-04-01,1059.1389160156300
1995-05-01,1036.6190185546900
1995-06-01,1007.7727050781300
1995-07-01,1028.0550537109400
1995-08-01,1015.4772949218800
1995-09-01,988.0250244140630
1995-10-01,980.4318237304690
1995-11-01,1033.1904296875000
1995-12-01,1017.1578979492200
1996-01-01,1019.6904907226600
1996-02-01,1035.8333740234400
1996-03-01,1063.2500000000000
1996-04-01,1043.9499511718800
1996-05-01,1036.5476074218800
1996-06-01,1009.4000244140600
1996-07-01,1000.5217285156300
1996-08-01,1007.9523925781300
1996-09-01,998.9761962890630
1996-10-01,1002.7174072265600
1996-11-01,1044.3143310546900
1996-12-01,1036.5476074218800
1997-01-01,1086.1363525390600
1997-02-01,1178.1579589843800
1997-03-01,1254.3421630859400
1997-04-01,1240.0227050781300
1997-05-01,1310.1250000000000
1997-06-01,1354.9761962890600
1997-07-01,1517.0217285156300
1997-08-01,1650.6250000000000
1997-09-01,1638.2857666015600
1997-10-01,1276.6739501953100
1997-11-01,1171.1500244140600
1997-12-01,1101.2619628906300
1998-01-01,1096.2500000000000
1998-02-01,1043.1999511718800
1998-03-01,1046.7500000000000
1998-04-01,1096.1750488281300
1998-05-01,1060.3684082031300
1998-06-01,1007.5952148437500
1998-07-01,1043.5000000000000
1998-08-01,1029.0500488281300
1998-09-01,999.6363525390630
1998-10-01,941.3636474609380
1998-11-01,965.9500122070310
1998-12-01,961.5789184570310
1999-01-01,931.7500000000000
1999-02-01,1017.6000000000000
1999-03-01,1028.7954545454500
1999-04-01,1018.1750000000000
1999-05-01,1039.9210526315801
1999-06-01,999.9090909090910
1999-07-01,1071.2272727272700
1999-08-01,1129.6904761904800
1999-09-01,1192.9318181818201
1999-10-01,1147.9761904761899
1999-11-01,1146.3863636363601
1999-12-01,1185.2352941176500
2000-01-01,1178.5750000000000
2000-02-01,1098.2500000000000
2000-03-01,1113.0000000000000
2000-04-01,1132.5200000000000
2000-05-01,1154.0739130434799
2000-06-01,1116.1909090909101
2000-07-01,1135.9142857142899
2000-08-01,1172.5521739130400
2000-09-01,1221.6714285714299
2000-10-01,1091.6136363636399
2000-11-01,1058.6818181818201
2000-12-01,1059.3299999999999
2001-01-01,1032.7000000000000
2001-02-01,1021.5800000000000
2001-03-01,1005.6227272727300
2001-04-01,970.1388888888890
2001-05-01,937.9619047619050
2001-06-01,896.9285714285710
2001-07-01,853.3045454545450
2001-08-01,830.0318181818180
2001-09-01,799.5100000000000
2001-10-01,761.7391304347821
2001-11-01,774.3454545454540
2001-12-01,757.9705882352940
2002-01-01,794.1954545454540
2002-02-01,773.4700000000000
2002-03-01,819.9950000000000
2002-04-01,807.5761904761900
2002-05-01,768.2500000000000
2002-06-01,769.4222222222220
2002-07-01,795.0130434782610
2002-08-01,748.8095238095240
2002-09-01,756.1761904761900
2002-10-01,755.0869565217390
2002-11-01,764.5666666666660
2002-12-01,794.2619047619050
2003-01-01,782.3181818181818
2003-02-01,785.6350000000000
2003-03-01,790.3047619047619
2003-04-01,756.7250000000000
2003-05-01,776.1000000000000
2003-06-01,790.6428571428571
2003-07-01,828.4847826086957
2003-08-01,815.1950000000001
2003-09-01,818.9204545454545
2003-10-01,900.0804347826087
2003-11-01,914.2125000000000
2003-12-01,976.7571428571428
2004-01-01,1015.8880952380950
2004-02-01,1085.7874999999999
2004-03-01,1101.7956521739129
2004-04-01,1028.9124999999999
2004-05-01,1030.9578947368420
2004-06-01,1018.8409090909090
2004-07-01,988.0840909090909
2004-08-01,976.7738095238096
2004-09-01,980.0022727272728
2004-10-01,1066.9285714285711
2004-11-01,1100.2045454545450
2004-12-01,1182.1214285714291
2005-01-01,1245.5250000000001
2005-02-01,1323.0799999999999
2005-03-01,1373.9285714285711
2005-04-01,1297.7857142857140
2005-05-01,1245.5074999999999
2005-06-01,1273.0977272727271
2005-07-01,1196.8333333333330
2005-08-01,1300.7227272727271
2005-09-01,1396.6477272727270
2005-10-01,1483.2023809523810
2005-11-01,1610.6363636363640
2005-12-01,1819.3250000000000
2006-01-01,2091.7500000000000
2006-02-01,2219.7249999999999
2006-03-01,2427.6456521739128
2006-04-01,3068.3388888888890
2006-05-01,3544.6428571428569
2006-06-01,3197.5909090909090
2006-07-01,3320.7380952380954
2006-08-01,3339.9659090909090
2006-09-01,3394.0595238095239
2006-10-01,3829.6022727272730
2006-11-01,4378.6136363636360
2006-12-01,4381.4473684210525
2007-01-01,3784.8636363636360
2007-02-01,3321.3750000000000
2007-03-01,3256.1818181818180
2007-04-01,3566.8552631578950
2007-05-01,3847.5238095238096
2007-06-01,3628.6547619047615
2007-07-01,3546.2954545454554
2007-08-01,3244.1704545454554
2007-09-01,2887.5999999999999
2007-10-01,2979.9891304347834
2007-11-01,2554.6022727272730
2007-12-01,2378.5972222222222
2008-01-01,2364.4090909090910
2008-02-01,2458.4761904761899
2008-03-01,2511.1842105263158
2008-04-01,2278.5113636363640
2008-05-01,2178.3249999999998
2008-06-01,1906.1738095238100
2008-07-01,1856.4456521739128
2008-08-01,1734.6500000000001
2008-09-01,1744.5227272727270
2008-10-01,1303.0043478260870
2008-11-01,1169.3625000000000
2008-12-01,1112.9047619047619
2009-01-01,1202.5238095238101
2009-02-01,1118.0025000000001
2009-03-01,1223.2181818181821
2009-04-01,1388.1375000000000
2009-05-01,1492.5184210526320
2009-06-01,1556.7727272727270
2009-07-01,1580.8586956521740
2009-08-01,1818.0125000000000
2009-09-01,1879.1477272727273
2009-10-01,2070.8445454545449
2009-11-01,2196.5476190476193
2009-12-01,2374.0380952380951
2010-01-01,2414.6624999999999
2010-02-01,2158.8000000000002
2010-03-01,2277.2630434782609
2010-04-01,2367.5000000000000
2010-05-01,1969.7894736842111
2010-06-01,1746.5113636363640
2010-07-01,1847.0272727272727
2010-08-01,2047.4761904761899
2010-09-01,2150.9431818181820
2010-10-01,2373.5619047619048
2010-11-01,2283.2954545454554
2010-12-01,2287.3214285714289
2011-01-01,2375.8125000000000
2011-02-01,2473.4499999999998
2011-03-01,2341.4782608695650
2011-04-01,2371.4777777777781
2011-05-01,2159.5999999999999
2011-06-01,2234.4659090909090
2011-07-01,2397.7547619047618
2011-08-01,2199.2386363636360
2011-09-01,2075.2204545454551
2011-10-01,1871.4166666666672
2011-11-01,1935.3181818181820
2011-12-01,1911.1500000000001
2012-01-01,1989.2261904761899
2012-02-01,2057.7857142857142
2012-03-01,2035.9250000000000
2012-04-01,2002.6842105263161
2012-05-01,1928.0113636363640
2012-06-01,1855.9342105263161
2012-07-01,1847.7500000000000
2012-08-01,1816.3181818181820
2012-09-01,2009.8499999999999
2012-10-01,1903.9586956521739
2012-11-01,1912.3977272727273
2012-12-01,2040.4289473684207
2013-01-01,2031.4090909090912
2013-02-01,2128.6875000000000
2013-03-01,1929.1500000000001
2013-04-01,1855.5999999999999
2013-05-01,1831.0119047619048
2013-06-01,1839.0125000000000
2013-07-01,1837.6195652173913
2013-08-01,1896.3928571428569
2013-09-01,1846.8809523809521
2013-10-01,1884.8369565217392
2013-11-01,1866.4166666666672
2013-12-01,1974.9749999999999
2014-01-01,2036.9318181818180
2014-02-01,2034.5250000000001
2014-03-01,2007.9047619047619
2014-04-01,2027.2125000000001
2014-05-01,2058.9749999999999
2014-06-01,2128.0952380952381
2014-07-01,2310.6195652173910
2014-08-01,2326.9875000000002
2014-09-01,2294.5909090909090
2014-10-01,2276.8260869565220
2014-11-01,2253.2249999999999
2014-12-01,2175.7619047619046
2015-01-01,2113.0476190476193
2015-02-01,2097.7624999999998
2015-03-01,2028.7272727272727
2015-04-01,2212.7249999999999
2015-05-01,2281.8026315789471
2015-06-01,2082.0909090909090
2015-07-01,2000.6847826086960
2015-08-01,1807.6375000000000
2015-09-01,1720.2272727272730
2015-10-01,1724.3409090909090
2015-11-01,1583.3095238095241
2015-12-01,1527.7857142857140
2016-01-01,1520.3625000000000
2016-02-01,1709.8452380952381
2016-03-01,1801.6904761904759
2016-04-01,1855.3738095238100
2016-05-01,1869.0250000000001
2016-06-01,2026.1931818181820
2016-07-01,2183.2500000000000
2016-08-01,2279.1363636363640
2016-09-01,2292.3068181818180
2016-10-01,2311.5000000000000
2016-11-01,2566.2045454545446
2016-12-01,2664.8125000000000
2017-01-01,2714.7976190476193
2017-02-01,2845.5500000000002
2017-03-01,2776.8804347826090
2017-04-01,2614.9166666666674
2017-05-01,2590.2142857142858
2017-06-01,2573.3977272727270
2017-07-01,2787.1904761904761
2017-08-01,2980.7272727272730
2017-09-01,3116.8571428571431
2017-10-01,3264.6022727272730
2017-11-01,3229.3068181818180
2017-12-01,3195.9473684210529
2018-01-01,3441.5227272727270
2018-02-01,3532.9000000000001
2018-03-01,3269.1785714285711
2018-04-01,3188.0500000000002
2018-05-01,3059.8690476190482
2018-06-01,3088.5714285714289
2018-07-01,2656.1250000000000
2018-08-01,2512.0000000000000
2018-09-01,2434.6750000000002
2018-10-01,2673.6739130434780
2018-11-01,2595.6931818181820
2018-12-01,2616.2894736842113
2019-01-01,2569.7045454545446
2019-02-01,2707.1875000000000
2019-03-01,2850.5952380952381
2019-04-01,2932.6500000000001
2019-05-01,2742.8095238095239
2019-06-01,2601.2249999999999
2019-07-01,2446.5108695652166
2019-08-01,2273.0119047619046
2019-09-01,2331.5595238095239
2019-10-01,2451.6521739130430
2019-11-01,2425.4761904761899
2019-12-01,2272.5374999999999
2020-01-01,2354.3068181818180
2020-02-01,2113.2375000000002
2020-03-01,1903.6250000000000
2020-04-01,1903.3670000000000
2020-05-01,1975.3226315789473
2020-06-01,2025.7145454545448
2020-07-01,2177.1956521739130
2020-08-01,2413.9138095238100
2020-09-01,2442.4590909090912
2020-10-01,2440.6522727272727
2020-11-01,2671.6047619047622
2020-12-01,2779.8514285714286
2021-01-01,2705.3449999999998
2021-02-01,2744.5025000000001
2021-03-01,2791.9369565217394
2021-04-01,2829.0124999999998
2021-05-01,2969.6199999999999
2021-06-01,2951.8522727272730
2021-07-01,2947.5172727272729
2021-08-01,2987.9471428571433
2021-09-01,3036.0186363636358
2021-10-01,3359.9123809523808
2021-11-01,3311.2718181818182
2021-12-01,3399.2142857142858
2022-01-01,3599.1374999999998
2022-02-01,3620.0374999999999
2022-03-01,3962.2073913043482
2022-04-01,4371.3428571428567
2022-05-01,3769.6518181818178
2022-06-01,3652.8913636363641
2022-07-01,3105.3619047619050
2022-08-01,3590.1313043478258
2022-09-01,3124.9681818181821
2022-10-01,2967.2104761904761
2022-11-01,2938.9204545454554
2022-12-01,3116.5227272727270
2023-01-01,3295.8781818181819
2023-02-01,3133.8380000000002
2023-03-01,2967.4647826086962
2023-04-01,2770.3570000000000
2023-05-01,2485.7808695652170
2023-06-01,2375.4499999999998
2023-07-01,2404.6452380952378
2023-08-01,2405.1634782608699
2023-09-01,2495.4961904761899
2023-10-01,2447.1818181818180
2023-11-01,2543.6104545454550
2023-12-01,2510.5685714285710
2024-01-01,2520.9391304347832
2024-02-01,2360.0919047619050
2024-03-01,2457.8561904761900
2024-04-01,2725.5595454545446
2024-05-01,2955.1882608695646
2024-06-01,2809.1849999999999
2024-07-01,2777.2686956521738
2024-08-01,2721.0781818181822
2024-09-01,2847.4838095238101
2024-10-01,3105.7708695652168
2024-11-01,3004.1961904761902
2024-12-01,3033.7581818181820
2025-01-01,2824.8286956521738
2025-02-01,2798.2764999999999
2025-03-01,2886.7619047619046
2025-04-01,2611.3449999999998
2025-05-01,2642.6213636363641
2025-06-01,2654.6500000000001
2025-07-01,2762.5634782608699
2025-08-01,2790.3814285714288
2025-09-01,2936.7354545454550
2025-10-01,3151.9991304347832
2025-11-01,3176.8434999999999
2025-12-01,3162.1750000000002
2026-01-01,3206.7331818181819
2026-02-01,3323.7125000000001
2026-03-01,3182.2609090909086
2026-04-01,3354.6154545454551
2026-05-01,3477.6442857142861
2026-06-01,3538.7427272727273
2026-07-01,3593.7750000000001
